{"final_val_loss":3.3582268188739643,"_timestamp":1.7463741524214342e+09,"val_loss":3.3582268188739643,"final_val_char_acc":0.11182204722256402,"train_seq_acc":4.230744822626023e-05,"train_char_acc":0.2720626631853786,"_runtime":461.615876,"train_loss":2.819408115396645,"val_char_acc":0.11182204722256402,"final_val_seq_acc":0,"epoch":4,"_wandb":{"runtime":461},"_step":4,"val_seq_acc":0,"final_train_loss":2.819408115396645,"final_train_char_acc":0.2720626631853786,"final_train_seq_acc":4.230744822626023e-05}