{"final_train_loss":1.1341009435718232,"final_train_char_acc":0.7680320244288913,"_timestamp":1.7463778294285362e+09,"val_loss":2.238151247748013,"_runtime":158.650239,"train_char_acc":0.7680320244288913,"_step":2,"val_char_acc":0.5977878949455177,"final_val_char_acc":0.5977878949455177,"train_loss":1.1341009435718232,"final_val_loss":2.238151247748013,"final_val_seq_acc":0.18752020691884902,"epoch":2,"final_train_seq_acc":0.17929896558289088,"_wandb":{"runtime":158},"val_seq_acc":0.18752020691884902,"train_seq_acc":0.17929896558289088}