{"train_char_acc":0.20833584593375717,"_runtime":130.019434,"_timestamp":1.746377310941718e+09,"final_train_seq_acc":0,"final_val_char_acc":0.07936507936507936,"_step":1,"val_loss":3.2022949029659404,"val_char_acc":0.07936507936507936,"train_seq_acc":0,"final_train_char_acc":0.20833584593375717,"final_val_seq_acc":0,"train_loss":3.062487463781676,"epoch":1,"_wandb":{"runtime":130},"final_val_loss":3.2022949029659404,"final_train_loss":3.062487463781676,"val_seq_acc":0}