{"final_train_seq_acc":0,"val_seq_acc":0.00010777023386140747,"train_loss":3.3705029005124887,"train_char_acc":0.1585748102719382,"final_val_char_acc":0.11930054824111672,"epoch":1,"val_loss":3.1770998584813084,"_wandb":{"runtime":30},"_step":1,"val_char_acc":0.11930054824111672,"final_val_seq_acc":0.00010777023386140747,"final_train_char_acc":0.1585748102719382,"_timestamp":1.746376982344348e+09,"_runtime":30.58097,"train_seq_acc":0,"final_val_loss":3.1770998584813084,"final_train_loss":3.3705029005124887}