{"epoch":1,"teacher_force_ratio":0.5,"_wandb":{"runtime":49},"val_loss":3.1893146831413794,"_runtime":49.133494,"train_loss":3.112614798021397,"val_char_acc":0.1940855584266437,"val_seq_acc":0,"_timestamp":1.746368752224558e+09,"_step":0,"train_char_acc":0.19820889011489534,"train_seq_acc":1.0576862056565058e-05}